rank_slowest,class_name,qualified_name,category,elapsed_ms,status,error
1,KeccakInvertiblePermutation,claasp.ciphers.permutations.keccak_invertible_permutation.KeccakInvertiblePermutation,permutations,2287813.757,ok,
2,AsconSboxSigmaPermutation,claasp.ciphers.permutations.ascon_sbox_sigma_permutation.AsconSboxSigmaPermutation,permutations,48802.029,ok,
3,XoodooInvertiblePermutation,claasp.ciphers.permutations.xoodoo_invertible_permutation.XoodooInvertiblePermutation,permutations,30096.193,ok,
4,ThetaXoodooCipher,claasp.ciphers.single_component_ciphers.theta_xoodoo_cipher.ThetaXoodooCipher,single_component_ciphers,2295.619,ok,
5,GimliSboxPermutation,claasp.ciphers.permutations.gimli_sbox_permutation.GimliSboxPermutation,permutations,2211.852,ok,
6,GiftSboxPermutation,claasp.ciphers.permutations.gift_sbox_permutation.GiftSboxPermutation,permutations,1695.313,ok,
7,BlakeHashFunction,claasp.ciphers.hash_functions.blake_hash_function.BlakeHashFunction,hash_functions,1607.811,ok,
8,TinyJambuPermutation,claasp.ciphers.permutations.tinyjambu_permutation.TinyJambuPermutation,permutations,1425.618,ok,
9,Snow3GStreamCipher,claasp.ciphers.stream_ciphers.snow3g_stream_cipher.Snow3GStreamCipher,stream_ciphers,1355.127,ok,
10,Blake2HashFunction,claasp.ciphers.hash_functions.blake2_hash_function.Blake2HashFunction,hash_functions,1152.452,ok,
11,AradiBlockCipherSBoxAndCompactLinearMap,claasp.ciphers.block_ciphers.aradi_block_cipher_sbox_and_compact_linear_map.AradiBlockCipherSBoxAndCompactLinearMap,block_ciphers,1130.950,ok,
12,BluetoothStreamCipherE0,claasp.ciphers.stream_ciphers.bluetooth_stream_cipher_e0.BluetoothStreamCipherE0,stream_ciphers,938.020,ok,
13,KeccakSboxPermutation,claasp.ciphers.permutations.keccak_sbox_permutation.KeccakSboxPermutation,permutations,928.544,ok,
14,A52StreamCipher,claasp.ciphers.stream_ciphers.a5_2_stream_cipher.A52StreamCipher,stream_ciphers,897.352,ok,
15,GastonSboxPermutation,claasp.ciphers.permutations.gaston_sbox_permutation.GastonSboxPermutation,permutations,892.902,ok,
16,GiftPermutation,claasp.ciphers.permutations.gift_permutation.GiftPermutation,permutations,837.111,ok,
17,GimliPermutation,claasp.ciphers.permutations.gimli_permutation.GimliPermutation,permutations,771.132,ok,
18,GastonPermutation,claasp.ciphers.permutations.gaston_permutation.GastonPermutation,permutations,740.186,ok,
19,GastonSboxThetaPermutation,claasp.ciphers.permutations.gaston_sbox_theta_permutation.GastonSboxThetaPermutation,permutations,625.736,ok,
20,ChachaStreamCipher,claasp.ciphers.stream_ciphers.chacha_stream_cipher.ChachaStreamCipher,stream_ciphers,602.057,ok,
21,ChachaPermutation,claasp.ciphers.permutations.chacha_permutation.ChachaPermutation,permutations,558.499,ok,
22,AradiBlockCipherSBox,claasp.ciphers.block_ciphers.aradi_block_cipher_sbox.AradiBlockCipherSBox,block_ciphers,551.941,ok,
23,AsconPermutation,claasp.ciphers.permutations.ascon_permutation.AsconPermutation,permutations,453.600,ok,
24,HightBlockCipher,claasp.ciphers.block_ciphers.hight_block_cipher.HightBlockCipher,block_ciphers,436.544,ok,
25,BaksheeshBlockCipher,claasp.ciphers.block_ciphers.baksheesh_block_cipher.BaksheeshBlockCipher,block_ciphers,428.783,ok,
26,BiviumStreamCipher,claasp.ciphers.stream_ciphers.bivium_stream_cipher.BiviumStreamCipher,stream_ciphers,369.182,ok,
27,GrainCorePermutation,claasp.ciphers.permutations.grain_core_permutation.GrainCorePermutation,permutations,355.791,ok,
28,KasumiBlockCipher,claasp.ciphers.block_ciphers.kasumi_block_cipher.KasumiBlockCipher,block_ciphers,342.840,ok,
29,AsconSboxSigmaNoMatrixPermutation,claasp.ciphers.permutations.ascon_sbox_sigma_no_matrix_permutation.AsconSboxSigmaNoMatrixPermutation,permutations,333.984,ok,
30,A51StreamCipher,claasp.ciphers.stream_ciphers.a5_1_stream_cipher.A51StreamCipher,stream_ciphers,309.630,ok,
31,BalletBlockCipher,claasp.ciphers.block_ciphers.ballet_block_cipher.BalletBlockCipher,block_ciphers,305.822,ok,
32,KeccakPermutation,claasp.ciphers.permutations.keccak_permutation.KeccakPermutation,permutations,296.830,ok,
33,KalynaBlockCipher,claasp.ciphers.block_ciphers.kalyna_block_cipher.KalynaBlockCipher,block_ciphers,282.064,ok,
34,AradiBlockCipher,claasp.ciphers.block_ciphers.aradi_block_cipher.AradiBlockCipher,block_ciphers,236.184,ok,
35,GostBlockCipher,claasp.ciphers.block_ciphers.gost_block_cipher.GostBlockCipher,block_ciphers,204.599,ok,
36,DESExactKeyLengthBlockCipher,claasp.ciphers.block_ciphers.des_exact_key_length_block_cipher.DESExactKeyLengthBlockCipher,block_ciphers,135.775,ok,
37,TriviumStreamCipher,claasp.ciphers.stream_ciphers.trivium_stream_cipher.TriviumStreamCipher,stream_ciphers,132.042,ok,
38,BEA1BlockCipher,claasp.ciphers.block_ciphers.bea1_block_cipher.BEA1BlockCipher,block_ciphers,126.352,ok,
39,FancyBlockCipher,claasp.ciphers.toys.fancy_block_cipher.FancyBlockCipher,toys,117.167,ok,
40,DESBlockCipher,claasp.ciphers.block_ciphers.des_block_cipher.DESBlockCipher,block_ciphers,113.033,ok,
41,SpongentPiPrecomputationPermutation,claasp.ciphers.permutations.spongent_pi_precomputation_permutation.SpongentPiPrecomputationPermutation,permutations,112.801,ok,
42,SpongentPiFSRPermutation,claasp.ciphers.permutations.spongent_pi_fsr_permutation.SpongentPiFSRPermutation,permutations,111.913,ok,
43,LowMCBlockCipher,claasp.ciphers.block_ciphers.lowmc_block_cipher.LowMCBlockCipher,block_ciphers,110.439,ok,
44,SpongentPiPermutation,claasp.ciphers.permutations.spongent_pi_permutation.SpongentPiPermutation,permutations,108.903,ok,
45,ThetaKeccakCipher,claasp.ciphers.single_component_ciphers.theta_keccak_cipher.ThetaKeccakCipher,single_component_ciphers,102.648,ok,
46,XoodooSboxPermutation,claasp.ciphers.permutations.xoodoo_sbox_permutation.XoodooSboxPermutation,permutations,101.463,ok,
47,AESBlockCipher,claasp.ciphers.block_ciphers.aes_block_cipher.AESBlockCipher,block_ciphers,100.273,ok,
48,SHA2HashFunction,claasp.ciphers.hash_functions.sha2_hash_function.SHA2HashFunction,hash_functions,90.174,ok,
49,QARMAv2BlockCipher,claasp.ciphers.block_ciphers.qarmav2_block_cipher.QARMAv2BlockCipher,block_ciphers,84.389,ok,
50,SparklePermutation,claasp.ciphers.permutations.sparkle_permutation.SparklePermutation,permutations,68.198,ok,
51,SkipjackBlockCipher,claasp.ciphers.block_ciphers.skipjack_block_cipher.SkipjackBlockCipher,block_ciphers,65.811,ok,
52,ToyAESBlockCipher,claasp.ciphers.toys.toyaes_block_cipher.ToyAESBlockCipher,toys,63.191,ok,
53,IdeaBlockCipher,claasp.ciphers.block_ciphers.idea_block_cipher.IdeaBlockCipher,block_ciphers,56.546,ok,
54,SkinnyBlockCipher,claasp.ciphers.block_ciphers.skinny_block_cipher.SkinnyBlockCipher,block_ciphers,56.398,ok,
55,PhotonPermutation,claasp.ciphers.permutations.photon_permutation.PhotonPermutation,permutations,55.311,ok,
56,WhirlpoolHashFunction,claasp.ciphers.hash_functions.whirlpool_hash_function.WhirlpoolHashFunction,hash_functions,47.434,ok,
57,ThreefishBlockCipher,claasp.ciphers.block_ciphers.threefish_block_cipher.ThreefishBlockCipher,block_ciphers,47.221,ok,
58,SM4,claasp.ciphers.block_ciphers.sm4_block_cipher.SM4,block_ciphers,42.744,ok,
59,LeaBlockCipher,claasp.ciphers.block_ciphers.lea_block_cipher.LeaBlockCipher,block_ciphers,41.018,ok,
60,UblockSingleLinearLayerBlockCipher,claasp.ciphers.block_ciphers.ublock_single_linear_layer_block_cipher.UblockSingleLinearLayerBlockCipher,block_ciphers,39.570,ok,
61,SHA1HashFunction,claasp.ciphers.hash_functions.sha1_hash_function.SHA1HashFunction,hash_functions,37.394,ok,
62,ZucStreamCipher,claasp.ciphers.stream_ciphers.zuc_stream_cipher.ZucStreamCipher,stream_ciphers,35.909,ok,
63,RC5BlockCipher,claasp.ciphers.block_ciphers.rc5_block_cipher.RC5BlockCipher,block_ciphers,34.966,ok,
64,TwofishBlockCipher,claasp.ciphers.block_ciphers.twofish_block_cipher.TwofishBlockCipher,block_ciphers,32.961,ok,
65,MD5HashFunction,claasp.ciphers.hash_functions.md5_hash_function.MD5HashFunction,hash_functions,31.738,ok,
66,UblockBlockCipher,claasp.ciphers.block_ciphers.ublock_block_cipher.UblockBlockCipher,block_ciphers,30.193,ok,
67,QARMAv2MixColumnBlockCipher,claasp.ciphers.block_ciphers.qarmav2_with_mixcolumn_block_cipher.QARMAv2MixColumnBlockCipher,block_ciphers,28.396,ok,
68,LBlockBlockCipher,claasp.ciphers.block_ciphers.lblock_block_cipher.LBlockBlockCipher,block_ciphers,26.294,ok,
69,TwineBlockCipher,claasp.ciphers.block_ciphers.twine_block_cipher.TwineBlockCipher,block_ciphers,24.838,ok,
70,TeaBlockCipher,claasp.ciphers.block_ciphers.tea_block_cipher.TeaBlockCipher,block_ciphers,22.917,ok,
71,PresentBlockCipher,claasp.ciphers.block_ciphers.present_block_cipher.PresentBlockCipher,block_ciphers,22.461,ok,
72,LedBlockCipher,claasp.ciphers.block_ciphers.led_block_cipher.LedBlockCipher,block_ciphers,19.160,ok,
73,XoodooPermutation,claasp.ciphers.permutations.xoodoo_permutation.XoodooPermutation,permutations,15.995,ok,
74,SparxBlockCipher,claasp.ciphers.block_ciphers.sparx_block_cipher.SparxBlockCipher,block_ciphers,15.734,ok,
75,MantisBlockCipher,claasp.ciphers.block_ciphers.mantis_block_cipher.MantisBlockCipher,block_ciphers,15.241,ok,
76,XTeaBlockCipher,claasp.ciphers.block_ciphers.xtea_block_cipher.XTeaBlockCipher,block_ciphers,14.834,ok,
77,MSXBlockCipher,claasp.ciphers.block_ciphers.msx_block_cipher.MSXBlockCipher,block_ciphers,14.546,ok,
78,SimeckBlockCipher,claasp.ciphers.block_ciphers.simeck_block_cipher.SimeckBlockCipher,block_ciphers,14.540,ok,
79,TinyJambuWordBasedPermutation,claasp.ciphers.permutations.tinyjambu_32bits_word_permutation.TinyJambuWordBasedPermutation,permutations,13.828,ok,
80,RijndaelBlockCipher,claasp.ciphers.block_ciphers.rijndael_block_cipher.RijndaelBlockCipher,block_ciphers,13.755,ok,
81,SimeckSboxBlockCipher,claasp.ciphers.block_ciphers.simeck_sbox_block_cipher.SimeckSboxBlockCipher,block_ciphers,13.667,ok,
82,PrinceV2BlockCipher,claasp.ciphers.block_ciphers.prince_v2_block_cipher.PrinceV2BlockCipher,block_ciphers,12.907,ok,
83,PrinceBlockCipher,claasp.ciphers.block_ciphers.prince_block_cipher.PrinceBlockCipher,block_ciphers,12.358,ok,
84,SimonSboxBlockCipher,claasp.ciphers.block_ciphers.simon_sbox_block_cipher.SimonSboxBlockCipher,block_ciphers,12.353,ok,
85,MidoriBlockCipher,claasp.ciphers.block_ciphers.midori_block_cipher.MidoriBlockCipher,block_ciphers,11.783,ok,
86,SimonBlockCipher,claasp.ciphers.block_ciphers.simon_block_cipher.SimonBlockCipher,block_ciphers,11.592,ok,
87,RaidenBlockCipher,claasp.ciphers.block_ciphers.raiden_block_cipher.RaidenBlockCipher,block_ciphers,10.661,ok,
88,SiphashMAC,claasp.ciphers.mac.siphash_mac.SiphashMAC,mac,10.458,ok,
89,TinyJambuFSRWordBasedPermutation,claasp.ciphers.permutations.tinyjambu_fsr_32bits_word_permutation.TinyJambuFSRWordBasedPermutation,permutations,10.123,ok,
90,SpeckBlockCipher,claasp.ciphers.block_ciphers.speck_block_cipher.SpeckBlockCipher,block_ciphers,9.317,ok,
91,SigmaCipher,claasp.ciphers.single_component_ciphers.sigma_cipher.SigmaCipher,single_component_ciphers,6.094,ok,
92,SCARFBlockCipher,claasp.ciphers.block_ciphers.scarf_block_cipher.SCARFBlockCipher,block_ciphers,5.670,ok,
93,ConstantCipher,claasp.ciphers.single_component_ciphers.constant_cipher.ConstantCipher,single_component_ciphers,4.504,ok,
94,SpeedyBlockCipher,claasp.ciphers.block_ciphers.speedy_block_cipher.SpeedyBlockCipher,block_ciphers,2.770,ok,
95,IdeaModmulCipher,claasp.ciphers.single_component_ciphers.idea_modmul_cipher.IdeaModmulCipher,single_component_ciphers,2.075,ok,
96,ThetaGastonCipher,claasp.ciphers.single_component_ciphers.theta_gaston_cipher.ThetaGastonCipher,single_component_ciphers,1.721,ok,
97,AndCipher,claasp.ciphers.single_component_ciphers.and_cipher.AndCipher,single_component_ciphers,1.503,ok,
98,IdentityCipher,claasp.ciphers.single_component_ciphers.identity_cipher.IdentityCipher,single_component_ciphers,1.493,ok,
99,ToyFeistel,claasp.ciphers.toys.toyfeistel.ToyFeistel,toys,1.458,ok,
100,FsrCipher,claasp.ciphers.single_component_ciphers.fsr_cipher.FsrCipher,single_component_ciphers,1.308,ok,
101,ToyCipherFour,claasp.ciphers.toys.toy_cipherfour.ToyCipherFour,toys,1.244,ok,
102,XorCipher,claasp.ciphers.single_component_ciphers.xor_cipher.XorCipher,single_component_ciphers,1.172,ok,
103,ToySPN1,claasp.ciphers.toys.toyspn1.ToySPN1,toys,0.828,ok,
104,VariableRotateCipher,claasp.ciphers.single_component_ciphers.variable_rotate_cipher.VariableRotateCipher,single_component_ciphers,0.771,ok,
105,WordPermutationCipher,claasp.ciphers.single_component_ciphers.word_permutation_cipher.WordPermutationCipher,single_component_ciphers,0.664,ok,
106,ToySPN2,claasp.ciphers.toys.toyspn2.ToySPN2,toys,0.619,ok,
107,SalsaPermutation,claasp.ciphers.permutations.salsa_permutation.SalsaPermutation,permutations,0.448,ok,
108,LinearLayerCipher,claasp.ciphers.single_component_ciphers.linear_layer_cipher.LinearLayerCipher,single_component_ciphers,0.286,ok,
109,RotateCipher,claasp.ciphers.single_component_ciphers.rotate_cipher.RotateCipher,single_component_ciphers,0.224,ok,
110,MixColumnCipher,claasp.ciphers.single_component_ciphers.mix_column_cipher.MixColumnCipher,single_component_ciphers,0.208,ok,
111,ReverseCipher,claasp.ciphers.single_component_ciphers.reverse_cipher.ReverseCipher,single_component_ciphers,0.179,ok,
112,ShiftRowsCipher,claasp.ciphers.single_component_ciphers.shift_rows_cipher.ShiftRowsCipher,single_component_ciphers,0.110,ok,
113,SboxCipher,claasp.ciphers.single_component_ciphers.sbox_cipher.SboxCipher,single_component_ciphers,0.107,ok,
114,ModmulCipher,claasp.ciphers.single_component_ciphers.modmul_cipher.ModmulCipher,single_component_ciphers,0.098,ok,
115,PermutationCipher,claasp.ciphers.single_component_ciphers.permutation_cipher.PermutationCipher,single_component_ciphers,0.098,ok,
116,ModsubCipher,claasp.ciphers.single_component_ciphers.modsub_cipher.ModsubCipher,single_component_ciphers,0.096,ok,
117,ModaddCipher,claasp.ciphers.single_component_ciphers.modadd_cipher.ModaddCipher,single_component_ciphers,0.096,ok,
118,ShiftCipher,claasp.ciphers.single_component_ciphers.shift_cipher.ShiftCipher,single_component_ciphers,0.094,ok,
119,VariableShiftCipher,claasp.ciphers.single_component_ciphers.variable_shift_cipher.VariableShiftCipher,single_component_ciphers,0.090,ok,
120,OrCipher,claasp.ciphers.single_component_ciphers.or_cipher.OrCipher,single_component_ciphers,0.089,ok,
121,NotCipher,claasp.ciphers.single_component_ciphers.not_cipher.NotCipher,single_component_ciphers,0.082,ok,
,KatanBlockCipher,claasp.ciphers.block_ciphers.katan_block_cipher.KatanBlockCipher,block_ciphers,,error,AttributeError: 'KatanBlockCipher' object has no attribute 'add_AND_component'
,KatanFSRBlockCipher,claasp.ciphers.block_ciphers.katan_fsr_block_cipher.KatanFSRBlockCipher,block_ciphers,,error,AttributeError: 'KatanFSRBlockCipher' object has no attribute 'add_FSR_component'
,KtantanBlockCipher,claasp.ciphers.block_ciphers.ktantan_block_cipher.KtantanBlockCipher,block_ciphers,,error,AttributeError: 'KtantanBlockCipher' object has no attribute 'add_AND_component'
,KtantanFSRBlockCipher,claasp.ciphers.block_ciphers.ktantan_fsr_block_cipher.KtantanFSRBlockCipher,block_ciphers,,error,AttributeError: 'KtantanFSRBlockCipher' object has no attribute 'add_FSR_component'
